loss mean,crps mean,crps median
0.06340987,0.117820725,0.00021623942
