loss mean,crps mean,crps median
0.0476782,0.09017919,0.0001594599
